height,safe,safe unc,shim,shim unc,reg,reg unc
0,0.96704,0.00052,0.96285,0.00053,0.97375,0.00052
20,0.96717,0.0005,0.96509,0.00057,0.97517,0.00044
40,0.97279,0.00049,0.96914,0.00053,0.97587,0.00059
50,0.97459,0.00051,0.97228,0.00047,0.97689,0.00045
60,0.9763,0.00055,0.97465,0.00048,0.98026,0.0005
80,0.98143,0.00051,0.98115,0.00047,0.98193,0.0005
100,0.98373,0.0005,0.98373,0.0005,0.98373,0.0005
