height,safe,safe unc,shim,shim unc,reg,reg unc
0,1.00906,0.00059,1.00521,0.00055,1.01791,0.0005
20,1.01003,0.00048,1.00766,0.00056,1.01903,0.00053
40,1.01492,0.00053,1.01334,0.00055,1.01993,0.00047
50,1.01823,0.00053,1.01583,0.00049,1.02262,0.00057
60,1.01992,0.00049,1.01959,0.00053,1.02377,0.00051
80,1.02577,0.00051,1.02529,0.00055,1.0274,0.00048
100,1.02777,0.00043,1.02777,0.00043,1.02777,0.00043
