height,safe,safe unc,shim,shim unc,reg,reg unc
0,1.8041010532397685,0.07040838564677457,2.1836667344814376,0.06759235410714434,0.942478815771986,0.063039040527753
20,1.7089265825605087,0.06208929263320841,1.941789349415045,0.06818798430525676,0.8345041988194002,0.06516774619107067
40,1.2318997870242205,0.06543445023318624,1.3855276856191268,0.06704018472629747,0.7479107227720084,0.060771850351859114
50,0.9116046871613657,0.06521940582040692,1.1436347826550615,0.062446368892951284,0.49000104933867317,0.0679352509299854
60,0.7488720329171962,0.062193528692325584,0.7806058463727059,0.06513165691029695,0.3801558303397868,0.06339937460380161
80,0.18970730983893247,0.06327540003696165,0.23534719283785158,0.0662523629303549,0.03504017172911455,0.06103029870858149
100,0.0,0,0.0,0,0.0,0
