rod,worth ($),max worth added per % height ($/%),max worth added per height ($/in),reactivity addition rate ($/sec),max motor speed (in/min)
safe,2.405468070986358,0.037837548008511766,0.2529141366884734,0.08008947661801659,37.957546089346465
shim,2.91155564597525,0.04244371562546707,0.2837027307597009,0.05201216730594517,33.83823615054061
reg,1.2566384210293147,0.021585650030076682,0.1442830291484073,0.05771321165936292,66.53589168914377
