rod,worth ($),max worth added per % height ($/%),max worth added per height ($/in),reactivity addition rate ($/sec),max motor speed (in/min)
safe,3.6893487331390302,0.05474003471197792,0.3658939162326945,0.11586640680701993,26.237112928367925
shim,4.20787761267959,0.05923490775438057,0.39593859393717534,0.07258874222181548,24.246183996711515
reg,2.7706019706226384,0.035552319280384256,0.23763918676888424,0.09505567470755369,40.39737776638863
