rod,worth ($),max worth added per % height ($/%),max worth added per height ($/in),reactivity addition rate ($/sec),max motor speed (in/min)
safe,2.3392396631603254,0.03604214474612711,0.24091328330306017,0.07628920637930238,39.84836314701481
shim,2.9392375025953155,0.04172177201439029,0.2788771076751351,0.05112746974044144,34.4237649337036
reg,1.3891395982250216,0.02017920009421419,0.13488202168237906,0.05395280867295162,71.17331042535923
